Model,AvgAccuracy,AvgLogLoss,TotalBets,AvgWinRate,AvgOdds,AvgEV,TotalProfit,AvgROI,MaxDrawdown,ProfitableSeasons
Logistic Regression,0.5363157894736842,0.9903345975881541,252,0.44414696189086433,2.442398664840128,0.2959538511613316,19.499999999999993,0.07961613012100814,11.45,5
Hist Gradient Boosting,0.4936842105263158,1.1039203924970598,380,0.4145694032433448,2.4366858651198937,0.5077689356307766,-2.590000000000004,-0.00655379049002795,21.38,4
Random Forest,0.53,0.9925416092012485,269,0.40490201754460653,2.447199077616862,0.2893253708681401,-8.670000000000002,-0.02254509222128569,13.46,2
Gradient Boosting,0.491578947368421,1.0303856833631957,307,0.3922418015348977,2.462156238817887,0.3623717573558348,-17.449999999999996,-0.05796841336127876,16.380000000000003,2
